Name,Image,Category,where,Marca
"14.5999306,-90.5183523",https://storage.googleapis.com/glide-prod.appspot.com/uploads-v2/xRgAKFLlpof455u2xQWl/pub/yDVSY3vyk9ka6ZTmVnNN.webp,dry goods,all super,
cotteg,https://storage.googleapis.com/glide-prod.appspot.com/uploads-v2/xRgAKFLlpof455u2xQWl/pub/bcIglA3xVR9ixtwKMNsp.jpeg,cheeses,price smart,
philadelphia 1,https://storage.googleapis.com/glide-prod.appspot.com/uploads-v2/xRgAKFLlpof455u2xQWl/pub/ETBL82ZnfHALTBIlPfvA.avif,cheeses,all super,
philadelphia 2,https://storage.googleapis.com/glide-prod.appspot.com/uploads-v2/xRgAKFLlpof455u2xQWl/pub/E52x3UKm1YU7nSHEOY64.webp,cheeses,all super,
philadelphia 3,https://storage.googleapis.com/glide-prod.appspot.com/uploads-v2/xRgAKFLlpof455u2xQWl/pub/PMIR112pXgwdSwl1w1Ua.avif,cheeses,all super,
Yogurt,https://storage.googleapis.com/glide-prod.appspot.com/uploads-v2/xRgAKFLlpof455u2xQWl/pub/JVY2PW14BziSsea4CXOh.jpeg,cheeses,price smart,
yogurt vanilla,https://storage.googleapis.com/glide-prod.appspot.com/uploads-v2/xRgAKFLlpof455u2xQWl/pub/9SJazsJMVk22EOsiZuhD.jpg,cheeses,price smart,
Paprika,https://storage.googleapis.com/glide-prod.appspot.com/uploads-v2/xRgAKFLlpof455u2xQWl/pub/kiVNCpXRuRFqBEECoFJY.jpg,Condimentos,all super,
milk members,https://storage.googleapis.com/glide-prod.appspot.com/uploads-v2/xRgAKFLlpof455u2xQWl/pub/z23flcHbSKPSZF8rwq6N.jpg,milk,all super,
Salsa de Tomate,https://storage.googleapis.com/glide-prod.appspot.com/uploads-v2/xRgAKFLlpof455u2xQWl/pub/mSHy9GtjYpzYwIaAAk0x.jpg,canning,all super,
Mezcla Tropical de Frutos Secos y Frutas ,https://storage.googleapis.com/glide-prod.appspot.com/uploads-v2/xRgAKFLlpof455u2xQWl/pub/OmTvGnIyb267n7HqvRxl.jpg,dry goods,PriceSmrat,
 Aceite de Oliva Extra Virgen,https://storage.googleapis.com/glide-prod.appspot.com/uploads-v2/xRgAKFLlpof455u2xQWl/pub/xpC5N0wODSEkMc5VfJ81.jpg,oil,all super,
Pistachos Tostados y Salados,https://storage.googleapis.com/glide-prod.appspot.com/uploads-v2/xRgAKFLlpof455u2xQWl/pub/nXDjAqyjqbvU15yhOT2v.jpg,dry goods,all super,
Pita Chef,https://storage.googleapis.com/glide-prod.appspot.com/uploads-v2/xRgAKFLlpof455u2xQWl/pub/2VBRVzFBDGXSdQ2o3qyY.jpg,bread,PriceSmrat,
cashews (Marañones Tostados sin Sal),https://storage.googleapis.com/glide-prod.appspot.com/uploads-v2/xRgAKFLlpof455u2xQWl/pub/H2nquT2NcU0LHYDbTm78.jpg,dry goods,all super,
Praliné de Pacanas,https://storage.googleapis.com/glide-prod.appspot.com/uploads-v2/xRgAKFLlpof455u2xQWl/pub/B7Tpry8jqN1ewFdOS8hW.jpg,dry goods,all super,
Mezcla de Arándanos Deshidratados y Frutos Secos Orgánicos,https://storage.googleapis.com/glide-prod.appspot.com/uploads-v2/xRgAKFLlpof455u2xQWl/pub/AQBkVwNJn4hXBB0N5cOE.jpg,dry goods,all super,
Aceite de Oliva Orgánico Extra Virgen 2 L,https://storage.googleapis.com/glide-prod.appspot.com/uploads-v2/xRgAKFLlpof455u2xQWl/pub/5YpdNTYsCmn7DN0KeB16.jpeg,oil,all super,
Popcorn de Mantequilla ,https://storage.googleapis.com/glide-prod.appspot.com/uploads-v2/xRgAKFLlpof455u2xQWl/pub/qvljKbIF8aLeFyQG0S4i.jpeg,dry goods,PriceSmrat,
Vegetales Congelados,https://storage.googleapis.com/glide-prod.appspot.com/uploads-v2/xRgAKFLlpof455u2xQWl/pub/IzxA6QAgFxtxTUTN8J1N.jpg,frozen,PriceSmrat,
Aderezo Italiano,https://storage.googleapis.com/glide-prod.appspot.com/uploads-v2/xRgAKFLlpof455u2xQWl/pub/2lVTWCUQwd7KOGugshn6.jpg,sauces,all super,
Pimienta Negra Molida,https://storage.googleapis.com/glide-prod.appspot.com/uploads-v2/xRgAKFLlpof455u2xQWl/pub/gieNq1V6Ok2Mj1aJV7pi.jpg,Condimentos,PriceSmrat,
Ajo Granulado,https://storage.googleapis.com/glide-prod.appspot.com/uploads-v2/xRgAKFLlpof455u2xQWl/pub/ZAXZYcPEZvrpDOJvGE52.jpg,Condimentos,PriceSmrat,
blueberries,https://storage.googleapis.com/glide-prod.appspot.com/uploads-v2/xRgAKFLlpof455u2xQWl/pub/YPhgYxNeYVzguFVYyHnq.jpg,frozen,PriceSmrat,
peanut butter,https://storage.googleapis.com/glide-prod.appspot.com/uploads-v2/xRgAKFLlpof455u2xQWl/pub/COnp9I8xbprQFNaWsHS3.jpeg,spread,PriceSmrat,
Granola Orgánica,https://storage.googleapis.com/glide-prod.appspot.com/uploads-v2/xRgAKFLlpof455u2xQWl/pub/ZzJbbfmZeasE2kMm1IGD.jpeg,dry goods,PriceSmrat,
Crema de Avellanas,https://storage.googleapis.com/glide-prod.appspot.com/uploads-v2/xRgAKFLlpof455u2xQWl/pub/mFerRofQpOpqvsXtBcqW.jpg,spread,PriceSmrat,
Aderezo Ranch,https://storage.googleapis.com/glide-prod.appspot.com/uploads-v2/xRgAKFLlpof455u2xQWl/pub/SBgSQjx3Y1jMOpPimrtO.jpg,sauces,PriceSmrat,
peanut butter2,https://storage.googleapis.com/glide-prod.appspot.com/uploads-v2/xRgAKFLlpof455u2xQWl/pub/IyhkZ2l5Yc5z4CpeZ2LV.jpeg,spread,PriceSmrat,
Pimienta Negra Molida,https://storage.googleapis.com/glide-prod.appspot.com/uploads-v2/xRgAKFLlpof455u2xQWl/pub/QTu0y6eXrocVzXPFMSPM.jpg,Condimentos,PriceSmrat,
Maní Tostado de Coctel,https://storage.googleapis.com/glide-prod.appspot.com/uploads-v2/xRgAKFLlpof455u2xQWl/pub/SC6Zvf3ESae8zbomqt1M.jpeg,dry goods,PriceSmrat,
Chip de Tortilla,https://storage.googleapis.com/glide-prod.appspot.com/uploads-v2/xRgAKFLlpof455u2xQWl/pub/OyxKYTsQzVzIw4uyjgRv.jpeg,dry goods,PriceSmrat,
Mezcla de Arándanos Deshidratados y Frutos Secos Orgánicos,https://storage.googleapis.com/glide-prod.appspot.com/uploads-v2/xRgAKFLlpof455u2xQWl/pub/l3P5nuhKNCzI03IUXpFt.jpg,dry goods,PriceSmrat,
Mezcla de Frutos Secos de Luj,https://storage.googleapis.com/glide-prod.appspot.com/uploads-v2/xRgAKFLlpof455u2xQWl/pub/O8MpLRLpdpfzTX2qdKR6.jpg,dry goods,PriceSmrat,
Salsa de Tomate Ketchup,https://storage.googleapis.com/glide-prod.appspot.com/uploads-v2/xRgAKFLlpof455u2xQWl/pub/iv8o4iwLTka9AOcUTmz7.jpeg,sauces,PriceSmrat,
Aceite de Oliva,https://storage.googleapis.com/glide-prod.appspot.com/uploads-v2/xRgAKFLlpof455u2xQWl/pub/BZ6Tv4bUXfsRZi2iZcwC.jpg,oil,all super,
Mezcla de Nueces Mixtas Tostadas y Saladas,https://storage.googleapis.com/glide-prod.appspot.com/uploads-v2/xRgAKFLlpof455u2xQWl/pub/te9mN0zFgd5gQzwFI9WK.jpg,dry goods,PriceSmrat,
Almendras Rebanadas,https://storage.googleapis.com/glide-prod.appspot.com/uploads-v2/xRgAKFLlpof455u2xQWl/pub/IeLahXIxa041f8RojGac.jpg,dry goods,PriceSmrat,
Mini Brownies ,https://storage.googleapis.com/glide-prod.appspot.com/uploads-v2/xRgAKFLlpof455u2xQWl/pub/xd70HOi94wAZPmpoeHGa.jpg,Comida rápida,PriceSmart,
Fruta Picada Congelada,https://storage.googleapis.com/glide-prod.appspot.com/uploads-v2/xRgAKFLlpof455u2xQWl/pub/y2bfx8gwCahsfIA8vIJb.jpeg,frozen,PriceSmrat,
Bagels Simples ,https://storage.googleapis.com/glide-prod.appspot.com/uploads-v2/xRgAKFLlpof455u2xQWl/pub/viOEZUEhT01JS5FYGSrJ.jpg,bread,PriceSmrat,
Quinoa Blanca Orgánica,https://storage.googleapis.com/glide-prod.appspot.com/uploads-v2/xRgAKFLlpof455u2xQWl/pub/KHnyJ5DjKRUmlkBRF2uJ.jpg,dry goods,PriceSmrat,
resas Enteras Recogidas a Mano,https://storage.googleapis.com/glide-prod.appspot.com/uploads-v2/xRgAKFLlpof455u2xQWl/pub/KBfMefSv3eRLA7wZIObD.jpeg,frozen,PriceSmrat,
pita chef,https://storage.googleapis.com/glide-prod.appspot.com/uploads-v2/xRgAKFLlpof455u2xQWl/pub/2VRFQMvqk1aRn8v21Zxt.jpg,bred,priceSmart,
atún enlatado,https://storage.googleapis.com/glide-prod.appspot.com/uploads-v2/xRgAKFLlpof455u2xQWl/pub/JVcJEorifUfLO6TaD5KR.jpg,canning,all super,
fresa congelada,https://storage.googleapis.com/glide-prod.appspot.com/uploads-v2/xRgAKFLlpof455u2xQWl/pub/R0pf0u3wibRg4pf4fv70.jpg,frozen,La torre,
papas fritas congeladas,https://storage.googleapis.com/glide-prod.appspot.com/uploads-v2/xRgAKFLlpof455u2xQWl/pub/RBBs70zWMGHlzdXNMI39.jpg,frozen,La torre,
Helado de vainilla,https://storage.googleapis.com/glide-prod.appspot.com/uploads-v2/xRgAKFLlpof455u2xQWl/pub/3923XkB1JcXk45bCSTSf.jpg,Helado,"Pais, La Torre",
Harina de pizza preparada,https://storage.googleapis.com/glide-prod.appspot.com/uploads-v2/xRgAKFLlpof455u2xQWl/pub/eUFMC7QS6MEJWEnMoKGb.jpg,dry goods,"Pais, La Torre",
RICH Y CREMA,https://storage.googleapis.com/glide-prod.appspot.com/uploads-v2/xRgAKFLlpof455u2xQWl/pub/Y7OzGyhDMVzfnj9coNNl.jpg,dry goods,"Pais, La Torre",
LACHE,https://storage.googleapis.com/glide-prod.appspot.com/uploads-v2/xRgAKFLlpof455u2xQWl/pub/n7yDaQmy6V5Z7TalyTYD.jpg,milk,"Pais, La Torre",
Polvo para hacer brownies,https://storage.googleapis.com/glide-prod.appspot.com/uploads-v2/xRgAKFLlpof455u2xQWl/pub/eGeFfKlCjpUTOp6JfYGd.jpg,dry goods,"Pais, La Torre",
Polvo para hacer tortitas,https://storage.googleapis.com/glide-prod.appspot.com/uploads-v2/xRgAKFLlpof455u2xQWl/pub/cNHm8p1OKz2t3yaV998u.jpg,dry goods,"Pais, La Torre",
Conservas de arándanos,https://storage.googleapis.com/glide-prod.appspot.com/uploads-v2/xRgAKFLlpof455u2xQWl/pub/gTE3ySJ6y2wqDBCR4Ztq.jpg,canning,"Pais, La Torre",
mango congelado,https://storage.googleapis.com/glide-prod.appspot.com/uploads-v2/xRgAKFLlpof455u2xQWl/pub/XgPIdbnIB1qufdavSm1X.jpg,frozen,"Pais, La Torre",
Manzanas enlatadas para pasteles,https://storage.googleapis.com/glide-prod.appspot.com/uploads-v2/xRgAKFLlpof455u2xQWl/pub/PsUkP183p5T53JvHYE1D.jpg,canning,"Pais, La Torre",
Polvo para hacer tortitas y gofres,https://storage.googleapis.com/glide-prod.appspot.com/uploads-v2/xRgAKFLlpof455u2xQWl/pub/0tpukvQGvEynbfHfsiXR.jpg,dry goods,"Pais, La Torre",
levadura,https://storage.googleapis.com/glide-prod.appspot.com/uploads-v2/xRgAKFLlpof455u2xQWl/pub/KKtmWKyxU2Yqb3j8cIEL.jpg,dry goods,all super,
rich y cremy chocolte,https://storage.googleapis.com/glide-prod.appspot.com/uploads-v2/xRgAKFLlpof455u2xQWl/pub/DEODwvZzwNzZwBUPHi94.jpg,dry goods,"Pais, La Torre",
teriaki,https://storage.googleapis.com/glide-prod.appspot.com/uploads-v2/xRgAKFLlpof455u2xQWl/pub/Y9U2iJtSqvMyFfhU6brp.jpg,sauces,"Pais, La Torre",
ice cream neapolitan,https://storage.googleapis.com/glide-prod.appspot.com/uploads-v2/xRgAKFLlpof455u2xQWl/pub/cCfQmV62qpTcmll1qA10.jpg,frozen,"Pais, La Torre",
papas quick cook,https://storage.googleapis.com/glide-prod.appspot.com/uploads-v2/xRgAKFLlpof455u2xQWl/pub/ZS0rIEJRcI4rc1WMVtli.jpg,dry goods,"Pais, La Torre",
caribbesn style jerk marinade,https://storage.googleapis.com/glide-prod.appspot.com/uploads-v2/xRgAKFLlpof455u2xQWl/pub/Wg1DiLCOXb9shJayf8Ts.jpg,sauces,"Pais, La Torre",
cherry sweetend with sucralose,https://storage.googleapis.com/glide-prod.appspot.com/uploads-v2/xRgAKFLlpof455u2xQWl/pub/PcjOG1Pp6pWfvV0qun75.jpg,canning,"Pais, La Torre",
chocolate chips milk,https://storage.googleapis.com/glide-prod.appspot.com/uploads-v2/xRgAKFLlpof455u2xQWl/pub/BUS7El3oqKF7qatIHFN9.jpg,chocolate,"Pais, La Torre",
pancake & baking mix ,https://storage.googleapis.com/glide-prod.appspot.com/uploads-v2/xRgAKFLlpof455u2xQWl/pub/p9ABVJlzbIrcEAOMwFQ0.jpg,dry goods,"Pais, La Torre",
buttermilk pancake & waffle,https://storage.googleapis.com/glide-prod.appspot.com/uploads-v2/xRgAKFLlpof455u2xQWl/pub/QDoQpUUR5ekacyp0zXiw.jpg,dry goods,"Pais, La Torre",
semi-sweet chocolate chips,https://storage.googleapis.com/glide-prod.appspot.com/uploads-v2/xRgAKFLlpof455u2xQWl/pub/NPj5yRe8bYVA2qJQrZVm.jpg,chocolate,"Pais, La Torre",
matonnaise hellmann's,https://storage.googleapis.com/glide-prod.appspot.com/uploads-v2/xRgAKFLlpof455u2xQWl/pub/E9RqhzqmqkW60JhOUTYd.jpg,sauces,all super,
pancake & waffle mix,https://storage.googleapis.com/glide-prod.appspot.com/uploads-v2/xRgAKFLlpof455u2xQWl/pub/aC7qZohlhi9W9KTRrHMy.jpg,dry goods,"Pais, La Torre",
belgain waffle mix,https://storage.googleapis.com/glide-prod.appspot.com/uploads-v2/xRgAKFLlpof455u2xQWl/pub/AaXCNjom7Sz04oTtAdC7.jpg,dry goods,"Pais, La Torre",
crema de chocolate,https://storage.googleapis.com/glide-prod.appspot.com/uploads-v2/xRgAKFLlpof455u2xQWl/pub/pyK4ZddDwxB9TePrCwSM.jpg,chocolate,"Pais, La Torre",
pancake mix,https://storage.googleapis.com/glide-prod.appspot.com/uploads-v2/xRgAKFLlpof455u2xQWl/pub/meCkdW1rCaPZY1RT0eRM.jpg,dry goods,"Pais, La Torre",
classic white chips,https://storage.googleapis.com/glide-prod.appspot.com/uploads-v2/xRgAKFLlpof455u2xQWl/pub/hkrmXWUn2ogFWwy5du1Y.jpg,chocolate,"Pais, La Torre",
datmeal chocolte chips,https://storage.googleapis.com/glide-prod.appspot.com/uploads-v2/xRgAKFLlpof455u2xQWl/pub/A5h3Ri94i0c2fpt0wJdI.jpg,dry goods,"Pais, La Torre",
double chocolate,https://storage.googleapis.com/glide-prod.appspot.com/uploads-v2/xRgAKFLlpof455u2xQWl/pub/9OnX3yBVzbkkzqMKZxdp.jpg,dry goods,"Pais, La Torre",
cookies & cream ice cream,https://storage.googleapis.com/glide-prod.appspot.com/uploads-v2/xRgAKFLlpof455u2xQWl/pub/fpfboGh4HpKoQOZgKAbh.jpg,frozen,"Pais, La Torre",
leche con chocolate,https://storage.googleapis.com/glide-prod.appspot.com/uploads-v2/xRgAKFLlpof455u2xQWl/pub/RSn2qL68Xnn9FFD3zL9R.jpg,milk,"Pais, La Torre",
ice cream,https://storage.googleapis.com/glide-prod.appspot.com/uploads-v2/xRgAKFLlpof455u2xQWl/pub/IK2LfI1XdzVtNcoAbriA.jpg,Helado,"Pais, La Torre",
vanila cream,https://storage.googleapis.com/glide-prod.appspot.com/uploads-v2/xRgAKFLlpof455u2xQWl/pub/4z98YeCUIfqAdnOh59xG.jpg,dry goods,"Pais, La Torre",
cinmon swir,https://storage.googleapis.com/glide-prod.appspot.com/uploads-v2/xRgAKFLlpof455u2xQWl/pub/CUbwdvqWoWyGjStXSsPx.jpg,dry goods,"Pais, La Torre",
Crema Avellanas Nutella,https://storage.googleapis.com/glide-prod.appspot.com/uploads-v2/xRgAKFLlpof455u2xQWl/pub/ZP4FGYx8n7aEYUtwcl2o.webp,,,
Tostadas Maíz Sanissimo,https://storage.googleapis.com/glide-prod.appspot.com/uploads-v2/xRgAKFLlpof455u2xQWl/pub/PfxJ2z020KFgbdvKcBYt.webp,dry goods,,
Tostadas Maíz Horneadas Sanissimo,https://storage.googleapis.com/glide-prod.appspot.com/uploads-v2/xRgAKFLlpof455u2xQWl/pub/431NynliCVjxyIA465rG.webp,dry goods,,
Galleta Con Chía y Linaza Sanissimo 8 Pack,https://storage.googleapis.com/glide-prod.appspot.com/uploads-v2/xRgAKFLlpof455u2xQWl/pub/tY21ryVyVUHKtMzW2Gmi.jpeg,dry goods,,
Hersheys Chocolate Milk Nuggets,https://storage.googleapis.com/glide-prod.appspot.com/uploads-v2/xRgAKFLlpof455u2xQWl/pub/qv6xLwAeGuJUZBrDg9mX.webp,chocolate,,
Ferrero Rocher,https://storage.googleapis.com/glide-prod.appspot.com/uploads-v2/xRgAKFLlpof455u2xQWl/pub/M82JMJV29UiT54FxLi0j.jpeg,chocolate,,
Sanissimo Arroz Quinoa y Sal,https://storage.googleapis.com/glide-prod.appspot.com/uploads-v2/xRgAKFLlpof455u2xQWl/pub/AQtRKVy5cIS2h7wxUIO2.webp,dry goods,,
Papalinas Original Pringles,https://storage.googleapis.com/glide-prod.appspot.com/uploads-v2/xRgAKFLlpof455u2xQWl/pub/63BVZ4hxggP7ED0c1TUi.webp,Snacks,,
Sanissimo Arroz Integral Y Sal,https://storage.googleapis.com/glide-prod.appspot.com/uploads-v2/xRgAKFLlpof455u2xQWl/pub/A8BGP8u4sqU54uPOlUre.webp,dry goods,,
Sanissimo Galleta Maíz Chipotle,https://storage.googleapis.com/glide-prod.appspot.com/uploads-v2/xRgAKFLlpof455u2xQWl/pub/MO8MWumcpsg9O23eoWP4.webp,dry goods,,
Hersheys Chocolate Negro Sin Azúcar,https://storage.googleapis.com/glide-prod.appspot.com/uploads-v2/xRgAKFLlpof455u2xQWl/pub/nyNmzpUY4RcA6XC3I3Ul.webp,chocolate,,
Papalinas Crema Cebolla Pringles,https://storage.googleapis.com/glide-prod.appspot.com/uploads-v2/xRgAKFLlpof455u2xQWl/pub/3f3WAz3qgnDPj6gyTVB3.webp,Snacks,,
Hersheys Milk Chocolate Barra,https://storage.googleapis.com/glide-prod.appspot.com/uploads-v2/xRgAKFLlpof455u2xQWl/pub/dBlItXi4aVWCSP5TRZ9e.webp,chocolate,,
M&M Botonetas Peanut,https://storage.googleapis.com/glide-prod.appspot.com/uploads-v2/xRgAKFLlpof455u2xQWl/pub/6y6ySMjKvKotrCvGyo02.webp,chocolate,,
M&M Botonetas Peanut,https://storage.googleapis.com/glide-prod.appspot.com/uploads-v2/xRgAKFLlpof455u2xQWl/pub/Bmaw3HopnSyJTmtkwdjw.webp,chocolate,,
Kinder Chocolate Leche Avellanas,https://storage.googleapis.com/glide-prod.appspot.com/uploads-v2/xRgAKFLlpof455u2xQWl/pub/vMyHhrdn2DGKTbXRIS4R.webp,chocolate,,
"Frituras Vegetales Straws Salt Garden Veggie
",https://storage.googleapis.com/glide-prod.appspot.com/uploads-v2/xRgAKFLlpof455u2xQWl/pub/JVjA7TRHayN7DcKSiZAs.jpeg,Snacks,,
Hersheys Chocolate Milk,https://storage.googleapis.com/glide-prod.appspot.com/uploads-v2/xRgAKFLlpof455u2xQWl/pub/QeESuk3xhFGIRIO6J4nU.webp,chocolate,,
Hersheys Kisses Milk Chocolate,https://storage.googleapis.com/glide-prod.appspot.com/uploads-v2/xRgAKFLlpof455u2xQWl/pub/vjn6WouYLGKfRLrHMeMa.jpeg,chocolate,,
"MINI Papalinas Original Pringles
",https://storage.googleapis.com/glide-prod.appspot.com/uploads-v2/xRgAKFLlpof455u2xQWl/pub/I8FKHVxRONuwIreGBIsX.webp,Snacks,,
Snickers Chocolate,https://storage.googleapis.com/glide-prod.appspot.com/uploads-v2/xRgAKFLlpof455u2xQWl/pub/jrVOT4cpuvHszenUOj6U.webp,chocolate,,
Azucar Morena de Caña,https://storage.googleapis.com/glide-prod.appspot.com/uploads-v2/xRgAKFLlpof455u2xQWl/pub/bnClbUAHGe4KYaJ6Jjby.webp,dry goods,,
Azucar Blanca,https://storage.googleapis.com/glide-prod.appspot.com/uploads-v2/xRgAKFLlpof455u2xQWl/pub/bTQAQrHyYIe80iiXxunD.webp,dry goods,,
Arroz Gallo Dorado Precocido,https://storage.googleapis.com/glide-prod.appspot.com/uploads-v2/xRgAKFLlpof455u2xQWl/pub/q4HZ25qE6b1o5Tz4xEmq.webp,dry goods,,
Sal ,https://storage.googleapis.com/glide-prod.appspot.com/uploads-v2/xRgAKFLlpof455u2xQWl/pub/k5zYcrbiIDXlTj8tuSNl.webp,dry goods,,
Arroz Molinero Blanco,https://storage.googleapis.com/glide-prod.appspot.com/uploads-v2/xRgAKFLlpof455u2xQWl/pub/EiQ0bzYrZAQuJmPMgqEt.webp,dry goods,,
Frijol La Campana En Grano Negro,https://storage.googleapis.com/glide-prod.appspot.com/uploads-v2/xRgAKFLlpof455u2xQWl/pub/48zmTdotvwWT04QbzUbw.webp,dry goods,,
Pasta larga Ina Espagueti,https://storage.googleapis.com/glide-prod.appspot.com/uploads-v2/xRgAKFLlpof455u2xQWl/pub/ZYt2UMpShl5N8bexkhf5.webp,dry goods,,
Pasta Roma Espaguetti,https://storage.googleapis.com/glide-prod.appspot.com/uploads-v2/xRgAKFLlpof455u2xQWl/pub/EOtln5vXL5n0pCPoOmzp.webp,dry goods,,
Pasta Corta Ina Codito Mediano,https://storage.googleapis.com/glide-prod.appspot.com/uploads-v2/xRgAKFLlpof455u2xQWl/pub/NAKu3LcHSRySHJDOb0Q4.webp,dry goods,,
Salsa Heinz de Tomate Ketchup,https://storage.googleapis.com/glide-prod.appspot.com/uploads-v2/xRgAKFLlpof455u2xQWl/pub/Wp9girTuSISgubLvF2rZ.webp,,,
Pasta larga Litaliana Espagueti ,https://storage.googleapis.com/glide-prod.appspot.com/uploads-v2/xRgAKFLlpof455u2xQWl/pub/c8ZkBh5besxveWBViEHe.webp,dry goods,,
Frijol Tierra Noble Negro,https://storage.googleapis.com/glide-prod.appspot.com/uploads-v2/xRgAKFLlpof455u2xQWl/pub/OqA057vRf7JL43RZgcFt.webp,dry goods,,
Pasta larga Ina Espaguetti,https://storage.googleapis.com/glide-prod.appspot.com/uploads-v2/xRgAKFLlpof455u2xQWl/pub/fbWeRiPpUAtbsASM0XqL.webp,dry goods,,
Harina de Maíz Maseca Extra Suave,https://storage.googleapis.com/glide-prod.appspot.com/uploads-v2/xRgAKFLlpof455u2xQWl/pub/GsPjKQoSkuT3t95bXhTN.webp,harina,,
Pasta Roma Tornillos,https://storage.googleapis.com/glide-prod.appspot.com/uploads-v2/xRgAKFLlpof455u2xQWl/pub/thBJSfaL9D0SROncFTNM.webp,dry goods,,
Cereal Kellogg's® Choco Krispis® Sabor a Chocolate,https://storage.googleapis.com/glide-prod.appspot.com/uploads-v2/xRgAKFLlpof455u2xQWl/pub/LG0w0tkIy61ZpkUVmOou.webp,Cereal,,
Arroz Macarena Blanco,https://storage.googleapis.com/glide-prod.appspot.com/uploads-v2/xRgAKFLlpof455u2xQWl/pub/KaVVORQAHKMh4i4AYcj4.webp,dry goods,,
Frijol Albay Blanco En Grano,https://storage.googleapis.com/glide-prod.appspot.com/uploads-v2/xRgAKFLlpof455u2xQWl/pub/09JRNBFE304gffiiJYPX.webp,dry goods,,
Pasta Roma De Coditos,https://storage.googleapis.com/glide-prod.appspot.com/uploads-v2/xRgAKFLlpof455u2xQWl/pub/xvusNRT5DcMIPdJl5TVn.webp,dry goods,,
Arroz Suli Blanco,https://storage.googleapis.com/glide-prod.appspot.com/uploads-v2/xRgAKFLlpof455u2xQWl/pub/N9GW51MoOTgbTjoVPbuH.webp,dry goods,,
Tostadas Sanissimo Salmas,https://storage.googleapis.com/glide-prod.appspot.com/uploads-v2/xRgAKFLlpof455u2xQWl/pub/eCJ271PWcr0QBIpbnhco.webp,dry goods,,
Galleta Sanissimo Arroz Integral,https://storage.googleapis.com/glide-prod.appspot.com/uploads-v2/xRgAKFLlpof455u2xQWl/pub/Ur3k8fG6K0IJmsNsGIiB.webp,dry goods,,
Mani Great Value Con Sal,https://storage.googleapis.com/glide-prod.appspot.com/uploads-v2/xRgAKFLlpof455u2xQWl/pub/ZYTV4Ntb3Q24r6Gbf9oq.webp,dry goods,,
Arroz Gallo Dorado Precocido Integral ,https://storage.googleapis.com/glide-prod.appspot.com/uploads-v2/xRgAKFLlpof455u2xQWl/pub/Iw8tue1iA438zbwSbBzH.webp,dry goods,,
Pasta Roma Plumas,https://storage.googleapis.com/glide-prod.appspot.com/uploads-v2/xRgAKFLlpof455u2xQWl/pub/ypca3qUzPmqdWQGUhnCA.webp,dry goods,,
Especial Sasson Lentejas Seleccion Gourmet Bolsa,https://storage.googleapis.com/glide-prod.appspot.com/uploads-v2/xRgAKFLlpof455u2xQWl/pub/kZ977eefDitJvYPe5OTj.webp,dry goods,,
Aceite Pam de Canola Spray Original,https://storage.googleapis.com/glide-prod.appspot.com/uploads-v2/xRgAKFLlpof455u2xQWl/pub/YqiUzyNZL33l2WUsan33.webp,oil,,
Arroz Molinero Blanco,https://storage.googleapis.com/glide-prod.appspot.com/uploads-v2/xRgAKFLlpof455u2xQWl/pub/Lbk1x1zu8ZYvPj1XYyV5.webp,dry goods,,
Frijol La Campana Negro,https://storage.googleapis.com/glide-prod.appspot.com/uploads-v2/xRgAKFLlpof455u2xQWl/pub/VmVTUoejsCHqiRhLS8lU.webp,dry goods,,
Pasta Ina Chao Mein sin Soya,https://storage.googleapis.com/glide-prod.appspot.com/uploads-v2/xRgAKFLlpof455u2xQWl/pub/baC4bRUblCQ3zXWtbI4w.webp,dry goods,,
Arroz Gallo Dorado Precocido,https://storage.googleapis.com/glide-prod.appspot.com/uploads-v2/xRgAKFLlpof455u2xQWl/pub/KMRYZZMNo04o8OW55ZMc.webp,dry goods,,
Pasta Carozzi Spaguetti No.5,https://storage.googleapis.com/glide-prod.appspot.com/uploads-v2/xRgAKFLlpof455u2xQWl/pub/UAnunuHmRu5lpPxzy7z8.webp,dry goods,,
Atún Sardimar Liht En Agua,https://storage.googleapis.com/glide-prod.appspot.com/uploads-v2/xRgAKFLlpof455u2xQWl/pub/e1GvdPheqVJlv4j3YkcZ.webp,peaces,,
Mani Great Value Sin Sal,https://storage.googleapis.com/glide-prod.appspot.com/uploads-v2/xRgAKFLlpof455u2xQWl/pub/NFnsyweyH8fi0BeSYqM7.webp,dry goods,,
Sal Sabemas Refinada ,https://storage.googleapis.com/glide-prod.appspot.com/uploads-v2/xRgAKFLlpof455u2xQWl/pub/HM0fFRLI1X28MAVc2qT2.webp,dry goods,,
Pasta corta Ina Codito Grande,https://storage.googleapis.com/glide-prod.appspot.com/uploads-v2/xRgAKFLlpof455u2xQWl/pub/5HJZ9jo0BoedZoxD4FJN.webp,dry goods,,
Harina Gold Medal de Trigo,https://storage.googleapis.com/glide-prod.appspot.com/uploads-v2/xRgAKFLlpof455u2xQWl/pub/WLTug9AnSWoIaBUUBEQB.webp,harina,,
Melocoton Great Value En Rodaja 100% Jugo,https://storage.googleapis.com/glide-prod.appspot.com/uploads-v2/xRgAKFLlpof455u2xQWl/pub/FBtefIdu7s3zfEzkm3tE.webp,dry goods,,
Pasta Roma Cabello Fino,https://storage.googleapis.com/glide-prod.appspot.com/uploads-v2/xRgAKFLlpof455u2xQWl/pub/H6YHcJilxq1WZW9GK81l.webp,dry goods,,
Aceite Borges Oliva Extra Virgen Botella,https://storage.googleapis.com/glide-prod.appspot.com/uploads-v2/xRgAKFLlpof455u2xQWl/pub/5dzZwOSc96gqEsUFjiHo.webp,oil,,
Pasta Ina Tornillo,https://storage.googleapis.com/glide-prod.appspot.com/uploads-v2/xRgAKFLlpof455u2xQWl/pub/UjrcyP28nyoDbdiu62bA.webp,dry goods,,
Aceite Great Value Oliva Puro ,https://storage.googleapis.com/glide-prod.appspot.com/uploads-v2/xRgAKFLlpof455u2xQWl/pub/mpFdrRYo3vQ1I58a9NxN.webp,oil,,
Maiz Albay Para Poporopo,https://storage.googleapis.com/glide-prod.appspot.com/uploads-v2/xRgAKFLlpof455u2xQWl/pub/UFo3Hq6BUCUz79TzmkzO.webp,dry goods,,
Pasta Zara Spaguetti Integral No.3 ,https://storage.googleapis.com/glide-prod.appspot.com/uploads-v2/xRgAKFLlpof455u2xQWl/pub/F4n18KwCXwcN2LPUA5qp.webp,dry goods,,
Aceite Ideal Vegetal,https://storage.googleapis.com/glide-prod.appspot.com/uploads-v2/xRgAKFLlpof455u2xQWl/pub/QTFOovW20uLuP1knmwvk.webp,oil,,
Especias Sasson Ajonjoli Corriente,https://storage.googleapis.com/glide-prod.appspot.com/uploads-v2/xRgAKFLlpof455u2xQWl/pub/ULQc8AM99R43cX5tDTTX.webp,dry goods,,
Cereal Kellogg's® Zucaritas® Sabor Origrinal,https://storage.googleapis.com/glide-prod.appspot.com/uploads-v2/xRgAKFLlpof455u2xQWl/pub/0pTqJmYsh29Zz0PiZjPb.webp,Cereal,,
Cereal Corn Flakes Kellogg,https://storage.googleapis.com/glide-prod.appspot.com/uploads-v2/xRgAKFLlpof455u2xQWl/pub/jFQvOSC6Aosg72bMjFhX.webp,Cereal,,
Cereal Kellogg's® Froot Loops® Sabor Origrinal,https://storage.googleapis.com/glide-prod.appspot.com/uploads-v2/xRgAKFLlpof455u2xQWl/pub/GEYJdJwDygjHg5gWTN4G.webp,Cereal,,
Galleta Sanissimo Arroz Quinoa Sal ,https://storage.googleapis.com/glide-prod.appspot.com/uploads-v2/xRgAKFLlpof455u2xQWl/pub/SsTvC8PisTZ5c1ZpGuRL.webp,dry goods,,
Aceite Great Value Oliva Spray,https://storage.googleapis.com/glide-prod.appspot.com/uploads-v2/xRgAKFLlpof455u2xQWl/pub/X1QH320kzXdcnk4IVgir.webp,oil,,
Arroz Gallo Dorado Integral Preco,https://storage.googleapis.com/glide-prod.appspot.com/uploads-v2/xRgAKFLlpof455u2xQWl/pub/ipWOVeEkr5D8bMqJRmqV.webp,dry goods,,
Pasta Zara Spaguetti No.1,https://storage.googleapis.com/glide-prod.appspot.com/uploads-v2/xRgAKFLlpof455u2xQWl/pub/c5N27YqLvdAybZsCSSlx.webp,dry goods,,
Aceite Mazola Natural Blend,https://storage.googleapis.com/glide-prod.appspot.com/uploads-v2/xRgAKFLlpof455u2xQWl/pub/4IJpjwxqV09g6frCK69F.webp,oil,,
Frijol Suli Rojo,https://storage.googleapis.com/glide-prod.appspot.com/uploads-v2/xRgAKFLlpof455u2xQWl/pub/oNOMAnUGIaXdY7XlKebQ.webp,dry goods,,
Aceite Mazola Natural Blend,https://storage.googleapis.com/glide-prod.appspot.com/uploads-v2/xRgAKFLlpof455u2xQWl/pub/D5Bx48K86TEyhFrnf98i.webp,oil,,
Pasta Cantonesa Chao Mein Sin Soya,https://storage.googleapis.com/glide-prod.appspot.com/uploads-v2/xRgAKFLlpof455u2xQWl/pub/3TGxaht49sEcpENBwJtP.webp,dry goods,,
Pasta Corta Ina Corbaton,https://storage.googleapis.com/glide-prod.appspot.com/uploads-v2/xRgAKFLlpof455u2xQWl/pub/BenVu6oHj8qD4PBEIK0Q.webp,dry goods,,
Pasta Great Value Espaguetti ,https://storage.googleapis.com/glide-prod.appspot.com/uploads-v2/xRgAKFLlpof455u2xQWl/pub/gXnYW1dsLzPOPiCZxbiu.webp,dry goods,,
NESTLE CORN FLAKES Sin Gluten Cereal Bolsa 800g,https://storage.googleapis.com/glide-prod.appspot.com/uploads-v2/xRgAKFLlpof455u2xQWl/pub/ySD1vpS0NsX5ooPNIQmB.webp,dry goods,,
Aceite Borges Oliva Extra Virgen Botella ,https://storage.googleapis.com/glide-prod.appspot.com/uploads-v2/xRgAKFLlpof455u2xQWl/pub/XrWw60b5saZMhWONAVIV.webp,oil,,
Azucar ,https://storage.googleapis.com/glide-prod.appspot.com/uploads-v2/xRgAKFLlpof455u2xQWl/pub/tfs7sM0bDKobDmKv7IuQ.webp,dry goods,,
CHEERIOS Manzana Canela Cereal Caja,https://storage.googleapis.com/glide-prod.appspot.com/uploads-v2/xRgAKFLlpof455u2xQWl/pub/QLqr4UeqgFcNE22j8cmv.webp,dry goods,,
Aceite Wesson Canola,https://storage.googleapis.com/glide-prod.appspot.com/uploads-v2/xRgAKFLlpof455u2xQWl/pub/Az9iFlfPqLktsp92peNn.webp,oil,,
Pasta Roma Lasaña Precocida,https://storage.googleapis.com/glide-prod.appspot.com/uploads-v2/xRgAKFLlpof455u2xQWl/pub/nZqcudRId3Xdb5nbMhfc.webp,dry goods,,
Harina Pan Sin Gluten Blanca ,https://storage.googleapis.com/glide-prod.appspot.com/uploads-v2/xRgAKFLlpof455u2xQWl/pub/iIVXOGmRpKWVGQpcCtWK.webp,harina,,
Maiz great Value grano Entero,https://storage.googleapis.com/glide-prod.appspot.com/uploads-v2/xRgAKFLlpof455u2xQWl/pub/57ZeqwSSaWsoaI2wW2oo.webp,dry goods,,
Barista Cafe Blend Tostado y Molido,https://storage.googleapis.com/glide-prod.appspot.com/uploads-v2/xRgAKFLlpof455u2xQWl/pub/FfIMtwExsIcTDjibDeSG.webp,dry goods,,
Te Supremo Verde Sencha Japones ,https://storage.googleapis.com/glide-prod.appspot.com/uploads-v2/xRgAKFLlpof455u2xQWl/pub/YfU4auuu8gAW51eztgNP.webp,dry goods,,
Pasta corta L´italiana Codito,https://storage.googleapis.com/glide-prod.appspot.com/uploads-v2/xRgAKFLlpof455u2xQWl/pub/FByiwRJlKowfOWMO6Gwq.webp,dry goods,,
Cereal Kellogg's® Komplete® Sabor Chocolate,https://storage.googleapis.com/glide-prod.appspot.com/uploads-v2/xRgAKFLlpof455u2xQWl/pub/ixur0KkvmmW4Xu7iBNZY.webp,Cereal,,
Salsa Barbacoa Kraft Original ,https://storage.googleapis.com/glide-prod.appspot.com/uploads-v2/xRgAKFLlpof455u2xQWl/pub/51OZy2kYtxTGl6soqhQN.webp,spread,,
Cafe El Cafetalito Extra Tosta Y Molido,https://storage.googleapis.com/glide-prod.appspot.com/uploads-v2/xRgAKFLlpof455u2xQWl/pub/9AUulZd747uoy4lRfFfC.webp,cafe,,
Mantequilla Jif Cremosa De Mani,https://storage.googleapis.com/glide-prod.appspot.com/uploads-v2/xRgAKFLlpof455u2xQWl/pub/6vUVRmwj3yGxwUG5i3Fk.webp,spread,,
Cafe Leon 100% Puro Tostado Y Molido De Regiones Antigua ,https://storage.googleapis.com/glide-prod.appspot.com/uploads-v2/xRgAKFLlpof455u2xQWl/pub/3xkvqIv7mKJQXYafCZAZ.webp,cafe,,
LUCKY CHARMS con Malvaviscos Cereal Caja,https://storage.googleapis.com/glide-prod.appspot.com/uploads-v2/xRgAKFLlpof455u2xQWl/pub/PgRQ8AfYbdcqrvDHZBgr.webp,Cereal,,
Aceite Ideal Girasol ,https://storage.googleapis.com/glide-prod.appspot.com/uploads-v2/xRgAKFLlpof455u2xQWl/pub/D46A7RBaZGyNexSRTdAN.webp,oil,,
Canela Sasson Casia Bolsa,https://storage.googleapis.com/glide-prod.appspot.com/uploads-v2/xRgAKFLlpof455u2xQWl/pub/QUupaia55roJfAKO7rdr.webp,Condimentos,,
Aceite de canola,https://storage.googleapis.com/glide-prod.appspot.com/uploads-v2/xRgAKFLlpof455u2xQWl/pub/Y3W7z7w8KTGa02q5BY5U.jpg,oil,La Torre,Crisco
Aceite de canola,https://storage.googleapis.com/glide-prod.appspot.com/uploads-v2/xRgAKFLlpof455u2xQWl/pub/MdRjwHPU2YJ7zdznr0Ag.png,oil,"Pricesmart, Walmart",Wesson
Aceite de coco orgánico,https://storage.googleapis.com/glide-prod.appspot.com/uploads-v2/xRgAKFLlpof455u2xQWl/pub/VDdE4QTB7GC4Nv68EpbX.jpg,oil,Pricesmart,Carrington farms
Aceite de girasol,https://storage.googleapis.com/glide-prod.appspot.com/uploads-v2/xRgAKFLlpof455u2xQWl/pub/FFG1bTNPDV3JcxxDSTcg.jpg,oil,La Torre,Presa
Aceite de maíz,,oil,Pricesmart,Wesson
Aceite de oliva,https://storage.googleapis.com/glide-prod.appspot.com/uploads-v2/xRgAKFLlpof455u2xQWl/pub/iC417401IpKCzAvOECgq.jpg,oil,Pricesmart,Member's Selection
Aceite de oliva  ,https://storage.googleapis.com/glide-prod.appspot.com/uploads-v2/xRgAKFLlpof455u2xQWl/pub/4nMc9arnCYzCID26g6J9.webp,oil,La Torre,Olitalia
Aceite de oliva (botella de vidrio),https://storage.googleapis.com/glide-prod.appspot.com/uploads-v2/xRgAKFLlpof455u2xQWl/pub/oehIRpJp8muAlDvpnwDN.webp,oil,La Torre,Presa
Aceite de oliva extra virgen ,https://storage.googleapis.com/glide-prod.appspot.com/uploads-v2/xRgAKFLlpof455u2xQWl/pub/DAdwLKtnzgDgpLnEawcM.jpg,oil,Pricesmart,Terra Creta
"Aceite de oliva extra virgen, orgánico, en spray",,oil,Pricesmart,Pompeian
Aceite de oliva extra suave; clásico; afrutado; virgen extra,https://storage.googleapis.com/glide-prod.appspot.com/uploads-v2/xRgAKFLlpof455u2xQWl/pub/f3Vt2HYLWisU7j6c2w09.webp,oil,"Paiz, Walmart",Borges
Aceite de oliva virgen,,oil,Dollar City,Cirio
Aceite de oliva ,,oil,Le Café ,Badia
Classic olive oil,https://storage.googleapis.com/glide-prod.appspot.com/uploads-v2/xRgAKFLlpof455u2xQWl/pub/0e2OO9melmb6qXbxJGF5.webp,oil,Walmart,Great Value
Coconut oil spray,,oil,La Torre,Lou Ana
Cooking spray,https://storage.googleapis.com/glide-prod.appspot.com/uploads-v2/xRgAKFLlpof455u2xQWl/pub/NKq3FjPddemYbQmyMglj.webp,oil,"La Torre, Pricesmart, Walmart",Pam
Extra virgin olive oil,https://storage.googleapis.com/glide-prod.appspot.com/uploads-v2/xRgAKFLlpof455u2xQWl/pub/D4kgioQXyxzeFLO8Ruy7.webp,oil,Walmart,Great Value
"Mediterranean blend: canola, olive, grapeseed",https://storage.googleapis.com/glide-prod.appspot.com/uploads-v2/xRgAKFLlpof455u2xQWl/pub/s8bNipRNXwUuhVoWDGwI.png,oil,Pricesmart,Pompeian
Non-stick spray,,oil,"La Torre, Paiz, Walmart",Crisco
Barbecue and sauce dip (hickory smoke; original; sweet honey),https://storage.googleapis.com/glide-prod.appspot.com/uploads-v2/xRgAKFLlpof455u2xQWl/pub/aB4MrzZv2qbRTemj9Bww.jpg,sauces,"Paiz, Pricesmart, Walmart",Kraft
Blue cheese dressing,,sauces,Le Café ,Walden Farms
"Chimichurri steak sauce, gluten free",https://storage.googleapis.com/glide-prod.appspot.com/uploads-v2/xRgAKFLlpof455u2xQWl/pub/mN33S2e7LqHhQMRwt93N.jpg,sauces,Walmart,Badia
Dijon mustard (2 pack),https://storage.googleapis.com/glide-prod.appspot.com/uploads-v2/xRgAKFLlpof455u2xQWl/pub/Y4UjcQmF7pqefgTAsTlu.jpg,sauces,Pricesmart,Grey Poupon
Hickory bbq sauce,https://storage.googleapis.com/glide-prod.appspot.com/uploads-v2/xRgAKFLlpof455u2xQWl/pub/aP9T9D8qn9k9ojgcNWBl.jpg,sauces,Paiz,Hunts
Italian dressing,,sauces,Pricesmart,Member's Selection
Ketchup,https://storage.googleapis.com/glide-prod.appspot.com/uploads-v2/xRgAKFLlpof455u2xQWl/pub/vPnekqRKP70M0zPkNN14.webp,sauces,Paiz,Hunts
Mayonesa,https://storage.googleapis.com/glide-prod.appspot.com/uploads-v2/xRgAKFLlpof455u2xQWl/pub/V6KF7hgwftrMwJ40SqYV.webp,sauces,Walmart,Great Value
Mayonesa,,sauces,La Torre,Sir Kensington's
Mayonesa,https://storage.googleapis.com/glide-prod.appspot.com/uploads-v2/xRgAKFLlpof455u2xQWl/pub/PrKG3NaiBZBExFTooTCd.webp,sauces,"La Torre, Walmart",Hellmann's
Mayonesa con aceite de aguacate,https://storage.googleapis.com/glide-prod.appspot.com/uploads-v2/xRgAKFLlpof455u2xQWl/pub/sE0LKUe1aZIm5FiIuAXt.jpg,sauces,Pricesmart,Chosen Foods
Mayonesa light,https://storage.googleapis.com/glide-prod.appspot.com/uploads-v2/xRgAKFLlpof455u2xQWl/pub/CNX85UnMfCO5bkCiawQi.jpg,sauces,Pricesmart,Kraft
Mojo para marinar,https://storage.googleapis.com/glide-prod.appspot.com/uploads-v2/xRgAKFLlpof455u2xQWl/pub/bODmby6lvdFWXmGHXdEA.jpg,sauces,Paiz,Badia
"Mostaza, classic yellow (presentación de 6lb 9oz y twin pack de 30 oz)",https://storage.googleapis.com/glide-prod.appspot.com/uploads-v2/xRgAKFLlpof455u2xQWl/pub/3VFghDLdE0ljGw3FmVSL.webp,sauces,Pricesmart,French's
Naranja agria,https://storage.googleapis.com/glide-prod.appspot.com/uploads-v2/xRgAKFLlpof455u2xQWl/pub/6Dn1TkfTIWrrMaoO2H4J.jpg,sauces,Paiz,Badia
"Picnic pack: mayo, ketchup, mustard",https://storage.googleapis.com/glide-prod.appspot.com/uploads-v2/xRgAKFLlpof455u2xQWl/pub/ZHYzgm16Y3QOX1atcequ.jpg,sauces,Pricesmart,Heinz
Real Mayo,https://storage.googleapis.com/glide-prod.appspot.com/uploads-v2/xRgAKFLlpof455u2xQWl/pub/flfFatAGCuJ68iY5j48E.jpg,sauces,Pricesmart,Kraft
Salsa de soya,https://storage.googleapis.com/glide-prod.appspot.com/uploads-v2/xRgAKFLlpof455u2xQWl/pub/tyhO2rESrEFEcXsEd0bP.webp,sauces,Walmart,Kikkoman
Salsa inglesa,https://storage.googleapis.com/glide-prod.appspot.com/uploads-v2/xRgAKFLlpof455u2xQWl/pub/3x4AIuIgzoP89W534x3l.jpg,sauces,"La Torre, Pricesmart",Lea & Perrins
Salsa para marinade (variedad),https://storage.googleapis.com/glide-prod.appspot.com/uploads-v2/xRgAKFLlpof455u2xQWl/pub/9UOE5bTWFcGHF00DHS0g.webp,sauces,"Paiz, Walmart",Great Value
Salsa picante (original; habanero; chipotle),https://storage.googleapis.com/glide-prod.appspot.com/uploads-v2/xRgAKFLlpof455u2xQWl/pub/Jw7U0BCUgF0m1ic0Bewg.jpg,sauces,Walmart,Tabasco
Vinegarette,https://storage.googleapis.com/glide-prod.appspot.com/uploads-v2/xRgAKFLlpof455u2xQWl/pub/bjONnoj9uElR9hd53ipc.jpg,sauces,Pricesmart,Virginia brand
Love my veggies,,Baby food,Le Café ,Happy Baby
100% lemon juice,https://storage.googleapis.com/glide-prod.appspot.com/uploads-v2/xRgAKFLlpof455u2xQWl/pub/S3D1vaEkYMby75kyI4qP.jpg,Bebidas,Pricesmart,ReaLemon
Bebida de almendra,https://storage.googleapis.com/glide-prod.appspot.com/uploads-v2/xRgAKFLlpof455u2xQWl/pub/tv9ybrE3uaw7QJyJgMiT.jpg,Bebidas,"La Torre, Paiz, Le Café. Walmart",Blue Diamond
Bebida de arroz avellanas,https://storage.googleapis.com/glide-prod.appspot.com/uploads-v2/xRgAKFLlpof455u2xQWl/pub/gTGUIIPQQQixcA8W7pXe.png,Bebidas,La Torre,Yosoy
Bebida de coco,https://storage.googleapis.com/glide-prod.appspot.com/uploads-v2/xRgAKFLlpof455u2xQWl/pub/HR4QEtlW8HUDwecoRQDH.webp,Bebidas,Paiz,Great Value
Bebida de soya,https://storage.googleapis.com/glide-prod.appspot.com/uploads-v2/xRgAKFLlpof455u2xQWl/pub/Z7mriEHNm3GtUGSLiObV.png,Bebidas,La Torre,Yosoy
Black tea (312 tea bags),https://storage.googleapis.com/glide-prod.appspot.com/uploads-v2/xRgAKFLlpof455u2xQWl/pub/iiBldwHIDNdNuEPqzCBv.jpg,Bebidas,Pricesmart,Lipton
Café  descafeinado,https://storage.googleapis.com/glide-prod.appspot.com/uploads-v2/xRgAKFLlpof455u2xQWl/pub/yeyQS0HE6DNKcXG6Cc3L.jpg,Bebidas,Pricesmart,Folgers
Coconut milk,,Bebidas,Le Café ,Roland
Coffee creamer ,https://storage.googleapis.com/glide-prod.appspot.com/uploads-v2/xRgAKFLlpof455u2xQWl/pub/L0TAcIVB2O2er8A7Zw2F.webp,Bebidas,Pricesmart,International Delight
Cranberry flavored Grapefruit Juice cocktail,https://storage.googleapis.com/glide-prod.appspot.com/uploads-v2/xRgAKFLlpof455u2xQWl/pub/Uxzk6CyihbfDxbwrDPLB.webp,Bebidas,Pricesmart,Florida's Natural
French vanilla cappuccino,https://storage.googleapis.com/glide-prod.appspot.com/uploads-v2/xRgAKFLlpof455u2xQWl/pub/x6gfHBvYoidfWbaZHWfy.webp,Bebidas,Pricesmart,Caffe D'Vita
Hot Cocoa Mix,https://storage.googleapis.com/glide-prod.appspot.com/uploads-v2/xRgAKFLlpof455u2xQWl/pub/fpD96XOqOFwLPntHoMBL.webp,Bebidas,Pricesmart,Nestlé
Jugo de naranja natural,https://storage.googleapis.com/glide-prod.appspot.com/uploads-v2/xRgAKFLlpof455u2xQWl/pub/eXFVffHjewHEazsSmHTQ.jpg,Bebidas,Pricesmart,Santander
Mocha cappuccino,https://storage.googleapis.com/glide-prod.appspot.com/uploads-v2/xRgAKFLlpof455u2xQWl/pub/3v0nyiejtpejNXXntcbd.jpg,Bebidas,Pricesmart,Caffe D'Vita
Natural herbs te,,Bebidas,Le Café ,Badia
"Nesquik,  sabor chocolate",https://storage.googleapis.com/glide-prod.appspot.com/uploads-v2/xRgAKFLlpof455u2xQWl/pub/UYc9qtLzzDGGKdilQo6A.webp,Bebidas,Pricesmart,Nestlé
Silk Almond (6 unidades),https://storage.googleapis.com/glide-prod.appspot.com/uploads-v2/xRgAKFLlpof455u2xQWl/pub/hax0naIS63JgQisjYgSh.jpg,Bebidas,Pricesmart,Silk
"Sparkling water, naturally essenced (24 cans, variety pack)",https://storage.googleapis.com/glide-prod.appspot.com/uploads-v2/xRgAKFLlpof455u2xQWl/pub/lHYDkgAlz52dNCDkzVNx.jpg,Bebidas,Pricesmart,La Croix
"Spiced chai latte, drink mix",https://storage.googleapis.com/glide-prod.appspot.com/uploads-v2/xRgAKFLlpof455u2xQWl/pub/58ZYhePVOhcuvoCdd550.jpeg,Bebidas,Pricesmart,Chamba Chai
Steep (variedad),https://storage.googleapis.com/glide-prod.appspot.com/uploads-v2/xRgAKFLlpof455u2xQWl/pub/wyNOj4AfpcrttjaeDRTD.webp,Bebidas,"Paiz, Le Café",Bigelow
Té ,,Bebidas,Le Café ,Dilmah
Té (variedad),,Bebidas,Le Café ,Badia
Te Chai (sabores),https://storage.googleapis.com/glide-prod.appspot.com/uploads-v2/xRgAKFLlpof455u2xQWl/pub/ZAANU5dHbeNHJQsF7c1M.jpg,Bebidas,"La Torre, Paiz, Le Café",David Rio
Apple Jack's,https://storage.googleapis.com/glide-prod.appspot.com/uploads-v2/xRgAKFLlpof455u2xQWl/pub/am30es76P1sQ9EmMgmGm.webp,Cereal,Paiz,Kellogg's
Cereales,https://storage.googleapis.com/glide-prod.appspot.com/uploads-v2/xRgAKFLlpof455u2xQWl/pub/D3CN7rPuFnwKmfzYnfbX.avif,Cereal,La Torre,Kellogg's
Cheerios manzana y canela,https://storage.googleapis.com/glide-prod.appspot.com/uploads-v2/xRgAKFLlpof455u2xQWl/pub/gDtTCW3CA0jJizh3oGLI.png,Cereal,Paiz,Nestlé
Choco Krispis,https://storage.googleapis.com/glide-prod.appspot.com/uploads-v2/xRgAKFLlpof455u2xQWl/pub/bnK70Rs2YUBJqlIQe2XE.webp,Cereal,Paiz,Kellogg's
Cinnamon Toast crunch,https://storage.googleapis.com/glide-prod.appspot.com/uploads-v2/xRgAKFLlpof455u2xQWl/pub/4JQgp9esLwDK5MTalKfy.jpg,Cereal,Paiz,Nestlé
Cookie Crisp,https://storage.googleapis.com/glide-prod.appspot.com/uploads-v2/xRgAKFLlpof455u2xQWl/pub/DownZLPVTa3wQ1nhyiOr.jpeg,Cereal,Paiz,Nestlé
Corn Flakes,https://storage.googleapis.com/glide-prod.appspot.com/uploads-v2/xRgAKFLlpof455u2xQWl/pub/A0gAupXSkJBYf5Dx31jG.jpg,Cereal,La Torre,Nestlé
Corn Flakes,https://storage.googleapis.com/glide-prod.appspot.com/uploads-v2/xRgAKFLlpof455u2xQWl/pub/X6Y53U1Cd4KFfKOkjPl7.jpg,Cereal,"Paiz, Walmart",Nestlé
Corn Flakes,https://storage.googleapis.com/glide-prod.appspot.com/uploads-v2/xRgAKFLlpof455u2xQWl/pub/aBLsfVLUFGG5TQzccYcv.webp,Cereal,Paiz,Kellogg's
Frosted krispies,https://storage.googleapis.com/glide-prod.appspot.com/uploads-v2/xRgAKFLlpof455u2xQWl/pub/ODD2RnjbFCJQpnorcLlk.jpg,Cereal,Paiz,Kellogg's
Granola (variedad),https://storage.googleapis.com/glide-prod.appspot.com/uploads-v2/xRgAKFLlpof455u2xQWl/pub/o5jdq24IE4b0Yi4yGHMU.webp,Cereal,La Torre,Bear Naked
"Instant Oatmeal (variety, 52 packets)",https://storage.googleapis.com/glide-prod.appspot.com/uploads-v2/xRgAKFLlpof455u2xQWl/pub/XyEsb1Dh5RpRDDHsAOvr.webp,Cereal,La Torre; Pricesmart,Quaker
Instant Oatmeal (individual packets),https://storage.googleapis.com/glide-prod.appspot.com/uploads-v2/xRgAKFLlpof455u2xQWl/pub/2NO5F1hq6QUHWVIRFGgp.jpg,Cereal,Paiz,Quaker
Müsli,https://storage.googleapis.com/glide-prod.appspot.com/uploads-v2/xRgAKFLlpof455u2xQWl/pub/TPc5OSeHshutEU30zkRU.webp,Cereal,Paiz,Kellogg's
Oat Blenders,https://storage.googleapis.com/glide-prod.appspot.com/uploads-v2/xRgAKFLlpof455u2xQWl/pub/iAjuwXI963oAR2fo2Jed.webp,Cereal,Paiz,Malt O Meal
Oatmeal,https://storage.googleapis.com/glide-prod.appspot.com/uploads-v2/xRgAKFLlpof455u2xQWl/pub/BTIrJRnNQMP4YqLlSAxX.png,Cereal,"La Torre, Pricesmart",Bob's Red Mill
Oatmeal chocolate chip,,Cereal,Paiz,Betty Crocker
Oatmeal squares,https://storage.googleapis.com/glide-prod.appspot.com/uploads-v2/xRgAKFLlpof455u2xQWl/pub/fyHdeHzR8fWUba3NKcWP.jpg,Cereal,La Torre,Quaker
Quick Oats,https://storage.googleapis.com/glide-prod.appspot.com/uploads-v2/xRgAKFLlpof455u2xQWl/pub/rB1w4y4SCtYKQuZoMek6.jpg,Cereal,"Paiz, Walmart",Great Value
Raisin Bran,https://storage.googleapis.com/glide-prod.appspot.com/uploads-v2/xRgAKFLlpof455u2xQWl/pub/h1eot0kr0dLrKHp4MMR8.jpeg,Cereal,Paiz,Post
Raisin Bran,https://storage.googleapis.com/glide-prod.appspot.com/uploads-v2/xRgAKFLlpof455u2xQWl/pub/4PZ6VHVziHz63pmpNHFV.jpg,Cereal,Pricesmart,Kellogg's
Simply granola,https://storage.googleapis.com/glide-prod.appspot.com/uploads-v2/xRgAKFLlpof455u2xQWl/pub/kuJp6jFfKKCHiHcSTzqb.png,Cereal,"La Torre, Pricesmart",Quaker
Special K antioxidantes,https://storage.googleapis.com/glide-prod.appspot.com/uploads-v2/xRgAKFLlpof455u2xQWl/pub/Y2GQJ5RxefuSJdjn27yK.avif,Cereal,Paiz,Kellogg's
Special K cinnamon and pecan,https://storage.googleapis.com/glide-prod.appspot.com/uploads-v2/xRgAKFLlpof455u2xQWl/pub/EZ1GyI9SNmUW7vCEwyQY.avif,Cereal,Paiz,Kellogg's
Special K equilibrio,https://storage.googleapis.com/glide-prod.appspot.com/uploads-v2/xRgAKFLlpof455u2xQWl/pub/fotnyFTeKjGHm2037zsP.webp,Cereal,Paiz,Kellogg's
Special K red berries (2 bags),https://storage.googleapis.com/glide-prod.appspot.com/uploads-v2/xRgAKFLlpof455u2xQWl/pub/2C4YZN2OL6DCdJJM0vmv.webp,Cereal,Pricesmart,kellogg's
Belgian Chocolatier (emojis),https://storage.googleapis.com/glide-prod.appspot.com/uploads-v2/xRgAKFLlpof455u2xQWl/pub/Wew1hMDKjvalKV2YumJ8.jpg,chocolate,Pricesmart,Bouchard
Cacao en polvo,,chocolate,Le Café ,Pacari
Chocolate,https://storage.googleapis.com/glide-prod.appspot.com/uploads-v2/xRgAKFLlpof455u2xQWl/pub/he12018D9VCjEcJiidEI.jpg,chocolate,La Torre,Twix
Chocolate chips,https://storage.googleapis.com/glide-prod.appspot.com/uploads-v2/xRgAKFLlpof455u2xQWl/pub/82kbpNxpsONJqSe6BIoc.jpg,chocolate,Paiz,Hershey's
"Chocolate chips, semi-sweet",https://storage.googleapis.com/glide-prod.appspot.com/uploads-v2/xRgAKFLlpof455u2xQWl/pub/biMsCS0tJwsmGto3e8vS.jpg,chocolate,Walmart,Hershey's
Chocolates en barra (Snickers; Musketeers; Twix; Milky Way),https://storage.googleapis.com/glide-prod.appspot.com/uploads-v2/xRgAKFLlpof455u2xQWl/pub/JvjneuVHMgqiyVSgLQ1E.jpg,chocolate,Pricesmart,Mars Snackfood
Chocolate sugar free,https://storage.googleapis.com/glide-prod.appspot.com/uploads-v2/xRgAKFLlpof455u2xQWl/pub/ZjVVE19En2BJ9btZsEyI.webp,chocolate,La Torre,Hershey's
Chocolates (variedad),https://storage.googleapis.com/glide-prod.appspot.com/uploads-v2/xRgAKFLlpof455u2xQWl/pub/u4JL5QpI7B6DTl7CNIJy.jpg,chocolate,"La Torre, Le Café ",Toblerone
Cocoa en polvo,https://storage.googleapis.com/glide-prod.appspot.com/uploads-v2/xRgAKFLlpof455u2xQWl/pub/SfENoy0nnTRL0gTWCQaJ.jpeg,chocolate,"Paiz, Pricesmart",Hershey's
"Cookies'n'creme candy, snack size",https://storage.googleapis.com/glide-prod.appspot.com/uploads-v2/xRgAKFLlpof455u2xQWl/pub/fF4ZAMynQxiQR4qHdxzp.jpg,chocolate,Pricesmart,Hershey's
Cordial cherries,https://storage.googleapis.com/glide-prod.appspot.com/uploads-v2/xRgAKFLlpof455u2xQWl/pub/z3qNXO00FjQ7bzDzmJd2.jpg,chocolate,La Torre,Queen Anne
Crunch (milk chocolate with crisped rice),https://storage.googleapis.com/glide-prod.appspot.com/uploads-v2/xRgAKFLlpof455u2xQWl/pub/pjFutzMl9UyVXLeCBNCq.jpeg,chocolate,La Torre,Nestlé
"Hershey's Gold: peanuts & pretzels, caramelized creme; family pack",https://storage.googleapis.com/glide-prod.appspot.com/uploads-v2/xRgAKFLlpof455u2xQWl/pub/ACk01r88sT0whitWgVB0.jpeg,chocolate,Pricesmart,Hershey's
Hershey's miniatures (variedad),https://storage.googleapis.com/glide-prod.appspot.com/uploads-v2/xRgAKFLlpof455u2xQWl/pub/f78Ng6OAlXuRynsuRVcG.jpg,chocolate,Pricesmart ,Hershey's
M&M's (variedad),,chocolate,"La Torre, Walmart",Mars Wrigley
Milk chocolate,,chocolate,Dollar City,Hershey's
"Milky Way; smooth nougat, fun size",,chocolate,Walmart,Mars Wrigley
Peanut butter lovers (Snickers; M&M's) paquete de 60 piezas,,chocolate,Pricesmart,Mars
Snickers,,chocolate,"La Torre, Walmart",Mars Wrigley
Sweet ground cocoa,,chocolate,Le Café ,Ghirardelli
Adobo seasoning,,Condimentos,Pricesmart,Badia
Anís español,,Condimentos,Walmart,Badia
"Canela en raja, en polvo",,Condimentos,Pricesmart,Badia
Condimento de aceite de oliva sabor ajo,,Condimentos,Paiz ,Borges
Cúrcuma molida,,Condimentos,Pricesmart,Badia
Poultry seasoning,,Condimentos,Le Café ,Badia
Sal,,Condimentos,"Paiz, Walmart",Vita Sal
Sal parrillera,,Condimentos,"Le Café, Walmart",VitaSal
Sazón completa; Curry; Cebolla; Orégano,,Condimentos,Walmart,Badia
Seasoning blend,,Condimentos,Pricesmart,Mrs. Dash
"Tajin (clásico, chamoy)",,Condimentos,Walmart,Tajín
Barbecue Wings,,Congelados,La Torre,Gardein
"Frutas (fresas enteras, triple berry, mezcla de frutas en trozos)",,Congelados,Pricesmart,Member's Selection
Key Lime Pie,,Congelados,Pricesmart ,Edwards
Buttermilk pancakes (caja de 12),,Congelados,Walmart,Great Value
Helados de paleta - Fruit Bars (strawberry),,Congelados,Walmart,Great Value
Mini potato hash browns,,Congelados,Walmart,McCain
Pineapple chunks,,Congelados,Pricesmart,Dole
Vegan Burguers,,Congelados,La Torre,Morning Star Farms
Aceituna negra rodajada ,,Conservas,Walmart,Roland
Arvejas y zanahorias en cubitos,,Conservas,Walmart,Great Value
Chia wild berries,,Conservas,Pricesmart,World of Chia
Colado de frutas en pouch,,Conservas,La Torre,Heinz
Corazón de alcachofa,,Conservas,La Torre,Roland
Diced tomatoes (8 latas) ,,Conservas,Pricesmart,Hunts
Jalea (diferentes sabores),,Conservas,"La Torre, Paiz, Le Café",Hero
Jalea (diferentes sabores),,Conservas,Le Café ,Mackay's
Maraschino cherries,,Conservas,La Torre,Roland
Mixed fruit in 100% juice,,Conservas,Walmart,Great Value
Mushrooms en lata,,Conservas,La Torre,Roland
Pasta de tomate (12 latas),,Conservas,Pricesmart,Hunts
Peach halves in heavy syrup,,Conservas,Walmart,Great Value
"Pepinillos, kosher dill wholes",,Conservas,Pricesmart,Vlasic
"Petite dill pickles, polish style",,Conservas,Pricesmart,Wiejske Wyroby
Pineapple chunks,,Conservas,La Torre,Del Monte
Relish -sweet,,Conservas,Pricesmart,Vlasic
Stewed tomatoes,,Conservas,Walmart,Hunts
Sweet peas,,Conservas,Walmart,Del Monte
"Celebration (cracker variety pack, 5 individual cartons)",,dry goods,Pricesmart,Dare
Crackers; Pita chips,,dry goods,La Torre,Town House
Honey nut-thins,,dry goods,Le Café ,Blue Diamond
"Original multi grain, baked crackers",,dry goods,Pricesmart,Milton's
Ritz crackers,,dry goods,Pricesmart,Nabisco
Saltine (original; whole grain; unsalted),,dry goods,Walmart,Great Value
"Cookie Icing (red, pink, blue)",,dry goods,Walmart,Betty Crocker
"Frosting (rainbow chip, chocolate,vanilla)",,dry goods,"La Torre, Pricesmart, Walmart",Betty Crocker
Frosting milk chocolate,,dry goods,Walmart,Pillsbury
Sprinkles -stars,,dry goods,Walmart,Betty Crocker
Endulzante líquido,,dry goods,Paiz,Splenda
Endulzante (variedad); organic,,dry goods,"La Torre, Paiz, Walmart",Sweet Leaf
Endulzante Stevia,,dry goods,"La Torre, Pricesmart",Pure Via
Panela orgánica,,dry goods,Walmart,Dulce Palena
Stevia in the raw,,dry goods,Le Café ,Cumberland packing
Sweetener,,dry goods,Paiz,Great Value
"Sweetener, sin calorías (1,000 sobres individuales)",,dry goods,Pricesmart,Member's Selection
Almendras cocoa roasted,,Frutas secas,Walmart,Great Value
Almendras rebanadas,,Frutas secas,Pricesmart,Member's Selection
Almendras rebanadas,,Frutas secas,Walmart,Badia
Cashew clusters,,Frutas secas,Pricesmart,Kirkland
Cocktail peanuts,,Frutas secas,Walmart,Planters
Coconut -toasted,,Frutas secas,Walmart,Great Value
Delux mixed nuts lightly salted,,Frutas secas,Walmart,Great Value
Pistachios roasted & salted,,Frutas secas,Pricesmart,Member's Selection
Pistachios roasted & salted,,Frutas secas,Pricesmart,Wonderful Pistachios
"Pistachios roasted & salted, no shells",,Frutas secas,Pricesmart ,Wonderful Pistachios
Prunes,,Frutas secas,Paiz,Sun Maid
Trail Mix (Omega-3; Cranberry),,Frutas secas,Walmart,Great Value
Trail Mix (árandanos rojos con semillas de marañón y nueces tostadas),,Frutas secas,Pricesmart,Member's Selection
Unsalted cashews,,Frutas secas,Pricesmart,Hoody's
Walnut halves & pieces (sin cáscara),,Frutas secas,Pricesmart,Member's Selection
Yogurt flavored raisins,,Frutas secas,Paiz,Sun Maid
Amaretti Biscotti,,galletas,"La Torre, Le Café",Orgran
Chips Ahoy (24 packs),,galletas,Pricesmart,Nabisco
"Chips Ahoy!, Nutter Butter, Oreo: variety pack (30 packs)",,galletas,Pricesmart,Nabisco
Galletas de avena,,galletas,Pricesmart,Stauffer's
Galletas (variedad),,galletas,La Torre,Pepperidge Farm
Fruit filled buscuits; gluten free,,galletas,"La Torre, Le Café, Walmart",Orgran
Granola bars Crunchy (oats & honey; roasted almonds; variety pack; coconut; oats and dark chocolate; cinnamon),,galletas,"La Torre, Paiz, Pricesmart ",Nature Valley
Milano dark chocolate; double dark chocolate (single pack),,galletas,Walmart,Pepperidge Farm
Milano dark chocolate (20 2-packs),,galletas,Pricesmart,Pepperidge Farm
Mint chocolate chip,,galletas,La Torre,Sheila G's
Pistachio almond thin cookies,,galletas,Pricesmart,Nonni's
Pop tart bites (20 pouches),,galletas,Pricesmart,Kellogg's
Vegan & protein cookies,,galletas,Pricesmart,Taifeld's
Arroz arborio,,dry goods,"Paiz, Le Café",Roland
Couscous,,dry goods,Le Café ,Osem
Couscous pre-cooked,,dry goods,"Paiz, Walmart",Roland
Quinoa sure,,dry goods,Paiz,Quinoa Sure
Rice & Millet; Quinoa Porridge,,dry goods,"La Torre, Le Café",Orgran
Wild rice,,dry goods,"Paiz, Le Café",Roland
Bread crumbs,,Harinas,Le Café ,Orgran
Brown rice flour,,Helado,La Torre,Bob's Red Mill
Polenta,,Helado,Paiz,Roland
Premium Bread Mix; gluten free,,Helado,Walmart,Orgran
Tapioca starch (flour),,Helado,La Torre,Bob's Red Mill
"Classics, friend and family size (neapolitan, fudge twirl)",,Helado,Pricesmart,Blue Ribbon
Double caramel (9 ice cream bars),,Helado,Pricesmart,Magnum
Helados (variedad),,Helado,La Torre,Ben & Jerry's
Ice cream cups (chocolate and vanilla),,Helado,Walmart,Great Value
Aluminium cookie sheet,,Kitchenware,Dollar City,Handi-Foil
Aluminium foil  ,,Kitchenware,Dollar City,Betty Crocker
Aluminium foil containers & lids,,Kitchenware,Dollar City,Betty Crocker
Cling wrap,,Kitchenware,La Torre,Diamond
Papel aluminio,,Kitchenware,La Torre,Diamond
Parchment paper (en rollo y en hojas individuales),,Kitchenware,Dollar City,Betty Crocker
Wax paper,,Kitchenware,La Torre,Marcal
Zipper seal bags (variedad),,Kitchenware,Dollar City,Seal store
Leche condensada La Lechera,,milk,"La Torre, Paiz",Nestlé
Leche entera en polvo,,milk,"La Torre, Paiz",Coronado
Leche líquida entera,,milk,Pricesmart,Dos Pinos
"Leche líquida (entera, descremada, delactosada, light)",,milk,"La Torre, Paiz",Dos Pinos
"Leche líquida (delactosada, semidescremada)",,milk,"La Torre, Dollar City, Paiz",Coronado
Leche líquida delactosada,,milk,"Paiz, Pricesmart",Lala
Media crema en Tetra Pack,,milk,La Torre,Lala
Queso mascarpone,,milk,Pricesmart,BelGiosioso
Sour Cream,,milk,Pricesmart,Breakstone's
Whipped light cream,,milk,Le Café ,Sunny Morning
Whipped topping (four pack original),,milk,Pricesmart,Cool Whip
Jabón líquido para trastos,,Limpieza,"La Torre, Paiz",Dawn
Creamy peanut butter,,sauces,Pricesmart,Planters
Peanut butter,,sauces,Le Café ,Wild friends
"Brown rice spaghetti, and elbow pasta",,dry goods,"Paiz, Walmart",Great Value
Pasta (variedad),,dry goods,La Torre,Majora
"Pasta de arroz, gluten free (variedad)",,dry goods,Paiz ,Nova Rice
Pasta de quinoa o arroz,,dry goods,"Paiz, Le Café. Walmart",Orgran
Anchoas en lata,,Pescado,La Torre,Roland
"Atún en agua, en trozos",,Pescado,Walmart,Mumble Bee
"Chunk light tuna, en aceite vegetal",,Pescado,Pricesmart,Mumble Bee
"Chunk light tuna, en agua",,Pescado,"La Torre, Pricesmart",Mumble Bee
Filetes de anchoa,,Pescado,Le Café ,Roland
Herring in wine sauce,,Pescado,Le Café ,Acme
Salmón ahumado,,Pescado,Walmart,Gourmar
Salmón fresco empacado al vacío,,Pescado,La Torre,Gourmar
Cake mix - devil's food,,dry goods,La Torre,Duncan Hines
Cake mix - classic yellow,,dry goods,La Torre,Duncan Hines
Chocolate chip cookie mix,,dry goods,Walmart,Betty Crocker
Gluten free cake,,dry goods,Paiz,Betty Crocker
"Oatmeal chocolate chip, blueberry muffin mix",,dry goods,Walmart,Betty Crocker
Pancake mix,,dry goods,"La Torre, Le Café",Orgran
Pancake and baking mix,,dry goods,"Pricesmart, Walmart",Bisquick
Pizza crust mix,,dry goods,"Paiz, Walmart",Betty Crocker
Premezclas para pastel (variedad),,dry goods,"Paiz, Pricesmart",Ghirardelli
"Premezclas (pasteles y pancakes, waffle)",,dry goods,"La Torre, Paiz, Pricesmart, Walmart",Betty Crocker
Puré de papa,,dry goods,Pricesmart,Idahoan
Puré de papa - butter & herb,,dry goods,Walmart,Idahoan
Baked pasta snack (sabores),,Snacks,"La Torre, Le Café",Pasta chips
Bamba,,Snacks,Le Café ,Osem
Cheese crunch,,Snacks,Walmart,Great Value
Chex mix (variedad),,Snacks,"La Torre, Walmart",General Mills
Chips (variedad),,Snacks,La Torre,Pringles
Corn Chips for dipping,,Snacks,Walmart,Great Value
Dark chocolate almonds,,Snacks,Pricesmart,Superior
"Dippers, veggie dipping chips",,Snacks,Pricesmart,Garcla
Lays export,,Snacks,"La Torre, Pricesmart",Pepsico
Organic crunchy rice,,Snacks,Pricesmart,Rollers
Patatas fritas cheese; sour cream and onion,,Snacks,"La Torre, Dollar City, Walmart",Pringles
Patatas fritas original,,Snacks,"Dollar City, Walmart",Pringles
Plataninas Tito,,Snacks,"La Torre, Paiz, Walmart, Cemaco",Hidro Terra
Popcorn,,Snacks,"La Torre, Le Café",Pop Time
Popcorn,,Snacks,"La Torre, Pricesmart, Walmart",Act II
Potato chips (original; wavy original; barbecue),,Snacks,Walmart,Great Value
Potato chips (variedad),,Snacks,Le Café ,Kettle
Pringles original (3 can pack),,Snacks,Pricesmart,Pringles
Pringles sour cream (3 can pack),,Snacks,Pricesmart,Pringles
Snap'd (variedad),,Snacks,Walmart,Great Value
Tostadas,,Snacks,La Torre,Charras
Vegetable chips,,Snacks,"La Torre, Pricesmart",Terra
Wavy chips,,Snacks,Dollar City,Hain Celestial Group
Cacao para untar y para relleno,,Spread,Pricesmart,Nutkao
Crema de avellanas,,Spread,La Torre,Dulcinea
Vegetable oil spread,,Spread,Pricesmart,Blue Bonnet
Vegetable oil spread,,Spread,La Torre,I can't believe it's not butter
Sustituto de huevo,,Sustitutos,Le Café ,Neat Egg
Sustituto de sal,,Sustitutos,"Paiz, Le Café",VitaSal
Chocolate syrup,,Syrup,Pricesmart,Hershey's
Syrup (strawberry; caramel; chocolate),,Syrup,"Paiz, Walmart",Hershey's
cooki dipped with chocolate con,https://storage.googleapis.com/glide-prod.appspot.com/uploads-v2/xRgAKFLlpof455u2xQWl/pub/nudvhRCXXVRUPKtOnr1g.jpg,Helado,,
guacomol,https://storage.googleapis.com/glide-prod.appspot.com/uploads-v2/xRgAKFLlpof455u2xQWl/pub/3kYGYeRiVnmuuNpLj9uE.jpg,Comida rápida,,
guacamol fiesta,https://storage.googleapis.com/glide-prod.appspot.com/uploads-v2/xRgAKFLlpof455u2xQWl/pub/VlgxKD8mGqZb99P4S6BA.jpg,Comida rápida,,
chocolate & artificially flavored vanilla ' ice cream cups,https://storage.googleapis.com/glide-prod.appspot.com/uploads-v2/xRgAKFLlpof455u2xQWl/pub/9T6Kl8VyTFrVgiv4RyY4.jpg,Helado,,
variety pack artificially flavored,https://storage.googleapis.com/glide-prod.appspot.com/uploads-v2/xRgAKFLlpof455u2xQWl/pub/p0yMoATR6KL183fcXqzF.jpg,Helado,,
sour cream & onion,https://storage.googleapis.com/glide-prod.appspot.com/uploads-v2/xRgAKFLlpof455u2xQWl/pub/OK7UYqgkJYiVYJ1DCwnA.jpg,Snacks,,
veggie straws screamin hot,https://storage.googleapis.com/glide-prod.appspot.com/uploads-v2/xRgAKFLlpof455u2xQWl/pub/HvVuECmrZnEvJ5A5fKy1.jpg,Snacks,,
veggie straws cheddar cheese,https://storage.googleapis.com/glide-prod.appspot.com/uploads-v2/xRgAKFLlpof455u2xQWl/pub/1vK7r5LOtfbVPdqYt8Lm.jpg,Snacks,,
veggie straws sea salt,https://storage.googleapis.com/glide-prod.appspot.com/uploads-v2/xRgAKFLlpof455u2xQWl/pub/nil6MhMxMulqTotSfMD8.jpg,Snacks,,
mini vanilla ice cream sandwiches ,https://storage.googleapis.com/glide-prod.appspot.com/uploads-v2/xRgAKFLlpof455u2xQWl/pub/dsjIUWCpYz2UDgsi0Ozd.jpg,Helado,,
potato chips sea salt & vingar,https://storage.googleapis.com/glide-prod.appspot.com/uploads-v2/xRgAKFLlpof455u2xQWl/pub/Aq5r7MaG3tc04uZkcVIo.jpg,Snacks,,
potato chips original,https://storage.googleapis.com/glide-prod.appspot.com/uploads-v2/xRgAKFLlpof455u2xQWl/pub/s6BMkirJp0AjVD6Dr0bO.jpg,Snacks,,
patato chips ,https://storage.googleapis.com/glide-prod.appspot.com/uploads-v2/xRgAKFLlpof455u2xQWl/pub/lSwTOXkXXk8Riz3HhFTQ.jpg,Snacks,,
potato original sea salt,https://storage.googleapis.com/glide-prod.appspot.com/uploads-v2/xRgAKFLlpof455u2xQWl/pub/ZLhk8ndz97XGb4wY3YNx.jpg,Snacks,,
Galletas de helado de vainilla,,,,
